PartyCode,CreditStatusCode,AccountStatus,HardshipCount,DNPCount,DelinqAlert,BadDebtor
100799312,2,1,0,7,0,0
101219354,2,1,1,4,1,1
100758128,15,1,3,0,1,1
100921719,14,1,3,2,1,1
100017556,7,1,3,2,0,0
100886494,2,1,2,2,0,0
100902841,13,1,2,0,1,1
100981892,14,1,2,2,1,1
100711215,15,1,2,0,0,1
100902222,14,1,2,7,0,0
100681691,2,1,3,6,0,0
100483540,13,1,3,6,1,1
100929051,14,1,3,6,1,1
101101894,7,1,3,6,0,0
100949578,15,1,3,1,1,1
100990933,14,1,3,6,1,1
100932075,15,1,3,4,1,1
100881237,14,1,3,7,1,1
100962820,13,1,2,0,0,0
100909510,15,1,2,2,0,1
100739073,14,1,2,5,1,1
101032695,14,1,2,0,1,1
101045588,13,1,3,0,1,1
100599756,2,1,3,3,0,0
100872335,14,1,3,7,1,1
101048538,15,1,3,5,1,1
100794713,15,1,2,5,1,1
100696425,14,1,3,5,1,1
100968167,2,1,3,0,0,0
101098426,14,1,2,1,0,1
101017710,13,1,2,4,0,0
100584940,2,1,2,1,0,0
101027153,13,1,3,4,0,1
100931943,2,1,2,7,0,0
101039458,15,1,3,7,1,1
100653595,4,1,3,2,0,0
101107255,2,1,3,5,1,1
100821820,14,1,3,2,1,1
100098992,13,1,3,6,1,1
101091113,2,1,3,5,0,0
101107244,2,1,3,2,0,0
100876325,13,1,2,2,1,1
100528914,2,1,3,4,0,0
100802157,13,1,2,1,1,1
101129663,14,1,3,7,1,1
100923961,12,1,3,2,1,1
100189744,15,1,3,0,1,1
100894127,15,1,2,0,1,1
101164596,2,1,3,2,0,0
100929780,15,1,2,4,1,1
101159859,7,1,2,6,0,0
101054962,15,1,3,3,0,1
101138761,2,1,2,7,0,0
100398360,2,1,3,6,0,0
100612173,14,1,3,4,1,1
100800503,12,1,3,3,0,0
101128037,14,1,2,2,1,1
100965767,13,1,2,2,1,1
101003573,14,1,3,5,1,1
100800896,13,1,2,0,1,1
100358065,13,1,3,7,1,1
100629821,15,1,2,6,1,1
101046774,2,1,2,5,0,0
101046091,15,1,2,2,1,1
100876407,15,1,3,7,0,1
100913440,7,1,3,1,0,0
100843166,2,1,2,1,0,0
100791480,7,1,3,7,0,0
101099527,7,1,3,1,0,0
100879191,14,1,2,5,0,0
100670978,13,1,2,1,1,1
100727272,2,1,2,3,0,0
100872717,13,1,2,6,1,1
100791284,2,1,2,5,0,0
100160600,15,1,2,4,1,1
101018206,2,1,3,1,0,0
100906740,4,1,2,2,0,0
100815153,7,1,2,4,0,0
101035766,7,1,2,0,0,0
100824390,2,1,2,6,0,0
101217932,5,1,3,0,1,1
100857523,14,1,2,5,0,0
100824584,15,1,2,0,1,1
100660625,13,1,3,6,0,1
100925169,13,1,3,0,1,1
101090879,15,1,3,0,1,1
101087302,14,1,2,2,1,1
101075742,13,1,2,5,1,1
100845037,13,1,2,6,1,1
100785292,13,1,3,4,1,1
100794585,13,1,2,5,1,1
100903510,13,1,3,4,0,1
101031388,14,1,2,2,1,1
100962849,2,1,3,4,0,0
100851947,15,1,3,6,0,1
100657712,14,1,2,3,1,1
100484658,13,1,3,7,1,1
100858285,2,1,3,7,0,0
100836717,2,1,3,7,0,0
101038838,14,1,3,5,0,1
100958082,2,1,2,2,0,0
100947969,2,1,3,6,0,0
101130683,15,1,3,5,1,1
100650758,15,1,3,7,1,1
100938807,14,1,2,1,1,1
100829781,15,1,2,6,0,0
101208319,15,1,2,7,0,1
101063846,14,1,3,7,1,1
101064510,2,1,3,4,1,1
100976111,15,1,3,3,1,1
100930963,13,1,3,3,1,1
100732302,12,1,2,4,1,1
100649120,13,1,2,6,1,1
101104828,15,1,2,5,1,1
100630104,15,1,3,3,1,1
101087516,12,1,2,2,1,1
100895747,15,1,2,0,0,1
100754959,2,1,2,7,0,0
100830984,13,1,2,4,1,1
100794317,15,1,3,5,1,1
101120375,12,1,3,3,1,1
101079566,6,1,2,5,1,1
100893801,2,1,2,3,0,0
100856329,2,1,2,7,0,0
100880852,13,1,3,0,0,1
100379605,2,1,2,4,1,1
100598632,15,1,2,5,1,1
100673077,15,1,2,2,1,1
101057901,15,1,2,1,1,1
100933705,15,1,3,3,1,1
100671815,2,1,3,7,0,0
101019898,13,1,3,3,0,1
100679194,2,1,2,7,0,0
100891346,13,1,2,4,1,1
101037894,8,1,3,7,0,0
100061565,15,1,2,2,0,1
101020516,15,1,3,3,1,1
100724068,5,1,2,7,1,1
100978033,15,1,3,0,1,1
100913952,2,1,3,0,0,0
101010385,15,1,2,7,1,1
100001917,15,1,2,1,1,1
100849968,13,1,2,5,0,1
100766373,13,1,2,1,1,1
100524902,14,1,2,6,1,1
101029394,6,1,3,5,1,1
100846314,2,1,3,2,0,0
100934954,14,1,3,2,1,1
100945195,12,1,3,4,0,1
100417122,2,1,3,1,0,0
100879623,12,1,2,3,0,1
100886805,15,1,3,4,1,1
101005322,2,1,3,3,0,0
100134740,2,1,2,5,0,0
100876903,15,1,2,6,0,0
101000998,12,1,2,7,1,1
100729215,15,1,3,0,1,1
101090123,15,1,2,7,1,1
100992607,5,1,2,7,1,1
101033840,14,1,3,1,1,1
100998628,15,1,2,3,0,1
100783346,15,1,3,7,1,1
100693419,14,1,2,5,1,1
100795631,15,1,3,2,1,1
101083146,14,1,2,7,1,1
101011378,15,1,2,7,1,1
100803767,15,1,2,5,0,1
100891727,6,1,2,0,1,1
100974824,14,1,2,2,1,1
100870835,15,1,3,1,0,1
100898472,12,1,2,7,1,1
100562155,14,1,3,6,0,1
100907965,2,1,3,2,0,0
100932392,14,1,2,4,1,1
100501083,15,1,2,6,1,1
100930713,15,1,2,1,1,1
100427693,15,1,3,3,0,1
100970917,13,1,2,4,1,1
100938192,15,1,2,4,0,1
100921329,15,1,3,3,1,1
101054298,15,1,3,1,1,1
100913502,13,1,2,7,1,1
100874316,2,1,2,4,0,0
100929953,15,1,3,5,1,1
100839215,15,1,2,0,0,1
100756397,5,1,2,3,1,1
100590472,6,1,3,0,1,1
101200369,2,1,3,7,0,0
101092981,12,1,2,4,1,1
100964977,15,1,2,3,0,1
101123763,14,1,2,1,1,1
101070207,15,1,2,0,1,1
101039921,2,1,3,5,0,0
100860518,2,1,2,6,0,0
100843214,2,1,3,7,0,0
101081836,2,1,2,6,0,0
101070074,15,1,3,4,1,1
101052636,2,1,3,6,0,0
100847539,13,1,3,0,1,1
101064285,2,1,3,1,0,0
100734014,12,1,2,7,1,1
100566751,15,1,2,7,1,1
101072517,2,1,2,3,0,0
100516132,5,1,2,5,1,1
101072857,12,1,2,1,0,0
101083866,7,1,2,5,0,0
101167877,5,1,2,7,1,1
101149521,14,1,2,0,0,0
100878194,7,1,3,1,0,0
100996030,15,1,3,3,1,1
100878482,15,1,2,2,1,1
100747976,15,1,3,3,1,1
100968613,15,1,2,1,1,1
100978934,12,1,2,3,1,1
101124360,2,1,2,6,0,0
100769584,14,1,2,6,1,1
100972923,14,1,2,1,1,1
100926230,14,1,3,5,1,1
101145971,2,1,3,5,0,0
100770408,14,1,3,7,1,1
100865860,2,1,2,6,0,0
100282439,2,1,3,0,0,0
100968188,15,1,2,5,1,1
100515922,5,1,3,6,0,1
101053539,5,1,3,6,1,1
100904634,15,1,3,4,0,1
100910456,15,1,2,7,1,1
101020005,14,1,2,6,1,1
101067132,15,1,3,7,1,1
100991400,15,1,2,4,1,1
100947072,15,1,2,0,1,1
100952675,14,1,2,2,1,1
100714828,14,1,2,0,1,1
100622578,13,1,2,4,0,0
100997731,15,1,3,4,1,1
100881829,2,1,2,5,0,0
100926701,15,1,2,1,1,1
101032241,12,1,3,7,1,1
100947399,14,1,3,3,1,1
100853631,14,1,2,0,1,1
101023007,12,1,3,5,1,1
100210210,8,1,3,6,1,1
100922714,15,1,2,0,1,1
100912202,2,1,2,4,0,0
100878319,15,1,3,6,0,1
100916743,14,1,3,2,1,1
100901386,12,1,3,7,0,1
100919299,15,1,3,1,0,0
100891000,14,1,3,3,1,1
100913789,15,1,3,2,1,1
100739879,13,1,3,4,1,1
100249798,15,1,3,2,1,1
101105848,2,1,3,6,0,0
100696724,2,1,2,1,0,0
100350007,14,1,3,1,1,1
101107315,15,1,2,0,1,1
100628280,15,1,2,3,1,1
100790117,15,1,3,3,1,1
100960020,15,1,2,0,1,1
100968612,13,1,3,0,0,1
100973023,2,1,3,3,1,1
101040785,12,1,2,4,1,1
101096689,12,1,3,0,1,1
101025788,12,1,2,5,1,1
100871930,13,1,2,0,1,1
101033343,15,1,3,0,1,1
100977285,12,1,3,3,0,0
100857961,2,1,3,2,0,0
100861441,15,1,3,5,1,1
100597201,14,1,3,4,0,1
101184717,12,1,2,7,0,0
100891133,15,1,2,0,1,1
100695949,15,1,2,6,1,1
100202594,13,1,3,1,1,1
100708902,12,1,2,7,1,1
100874642,15,1,2,3,1,1
101067308,15,1,3,2,1,1
100540384,13,1,3,6,1,1
100746274,12,1,2,2,1,1
100960882,15,1,3,6,1,1
100692030,4,1,3,6,0,0
100374351,15,1,2,6,1,1
100720389,2,1,3,4,0,0
100996943,13,1,3,2,0,0
100973274,15,1,2,2,1,1
100967957,15,1,3,2,0,1
100973414,15,1,2,4,1,1
101108669,7,1,2,6,0,0
100962936,12,1,3,3,1,1
101031783,2,1,3,0,0,0
100893965,13,1,3,7,1,1
100667749,2,1,2,5,0,0
101009410,12,1,3,3,1,1
100353545,14,1,2,6,1,1
100965774,15,1,2,0,1,1
100888909,2,1,3,7,0,0
101044576,15,1,2,3,1,1
100913974,12,1,2,3,1,1
101047952,15,1,3,4,1,1
100206522,4,1,2,2,0,0
101029659,2,1,3,7,0,0
100886529,12,1,2,1,1,1
101120109,7,1,2,0,1,1
101022525,15,1,2,0,1,1
100985565,2,1,3,4,0,0
101064017,7,1,3,7,0,0
100842245,13,1,2,1,0,1
100861430,14,1,2,1,1,1
100828922,15,1,2,4,1,1
101161883,7,1,2,7,0,0
100996796,15,1,3,5,1,1
100913410,2,1,3,3,1,1
100338202,13,1,2,4,1,1
100821423,13,1,3,5,1,1
100403117,14,1,2,6,1,1
100666779,12,1,3,5,1,1
100938598,2,1,3,2,0,0
100760513,14,1,3,3,1,1
100001239,2,1,3,3,0,0
101059039,15,1,3,0,1,1
101130707,15,1,3,5,1,1
101036291,15,1,2,1,0,1
100915627,13,1,3,4,0,1
101169212,2,1,3,6,0,0
100649794,4,1,3,7,0,0
101026161,15,1,3,3,1,1
100988804,15,1,3,5,1,1
100875282,14,1,2,0,1,1
101152300,12,1,3,4,0,0
101047183,2,1,2,1,0,0
100887161,2,1,3,7,0,0
100961339,12,1,3,6,0,0
101014714,15,1,3,4,1,1
100155428,2,1,3,0,0,0
100964614,15,1,2,2,0,1
100833311,13,1,2,1,0,1
100573330,4,1,3,4,0,0
100876244,15,1,2,4,0,1
100238772,14,1,2,7,0,1
100864813,15,1,2,6,0,1
100902973,14,1,3,4,1,1
100882542,14,1,3,0,1,1
100919357,13,1,2,0,1,1
101180972,2,1,3,0,0,0
100995178,15,1,2,0,0,1
100662508,14,1,3,6,1,1
100919794,12,1,2,6,1,1
100379076,2,1,3,2,1,1
101039132,13,1,3,2,1,1
100933288,15,1,3,3,0,0
101088641,12,1,2,2,1,1
100952751,15,1,2,0,1,1
100219710,2,1,2,3,0,0
100958251,12,1,3,1,1,1
101180049,2,1,3,3,1,1
101088538,7,1,3,0,1,1
100754989,13,1,2,5,1,1
100092887,15,1,2,3,1,1
100863595,13,1,3,4,1,1
100823405,2,1,2,2,0,0
101021348,15,1,2,4,0,1
100877094,2,1,3,3,0,0
100988162,15,1,2,6,1,1
100231815,15,1,3,1,1,1
100620050,15,1,2,6,1,1
100792984,12,1,2,4,1,1
100973469,5,1,2,3,1,1
100634744,13,1,3,6,0,0
100921838,13,1,3,6,1,1
100376114,5,1,3,3,0,1
100792875,13,1,3,6,1,1
100784953,13,1,2,1,1,1
100760714,2,1,3,6,0,0
101018742,15,1,2,3,1,1
100764839,12,1,2,7,1,1
100872780,12,1,2,2,0,0
101067504,5,1,2,5,1,1
100604233,13,1,3,4,1,1
101024471,12,1,3,4,1,1
101101856,2,1,2,6,0,0
100364858,15,1,2,6,0,1
101087005,2,1,2,2,0,0
101174785,14,1,2,0,1,1
100717445,12,1,3,7,1,1
100505457,13,1,3,3,1,1
101009834,15,1,3,2,1,1
100981904,12,1,2,0,1,1
100949348,15,1,3,7,1,1
100710724,14,1,2,6,0,0
100861704,15,1,3,1,1,1
100962974,10,1,2,3,0,0
100929943,15,1,3,0,1,1
101006421,7,1,3,4,1,1
101072215,15,1,2,7,1,1
100965901,15,1,3,5,0,1
100791049,12,1,2,1,1,1
100669736,15,1,2,4,0,0
101053125,15,1,3,0,1,1
100798699,2,1,2,0,0,0
101178041,4,1,2,4,0,1
100808756,2,1,2,5,0,0
101139871,15,1,3,1,0,0
100934559,15,1,2,5,1,1
101034812,2,1,3,4,0,0
100956999,12,1,2,7,0,1
100833348,13,1,2,7,0,1
100967011,12,1,3,0,1,1
100602987,13,1,3,3,1,1
100917545,12,1,3,7,1,1
101022695,12,1,2,7,1,1
100957937,2,1,3,0,0,0
101066998,12,1,2,2,1,1
100492331,2,1,3,1,1,1
100967167,15,1,2,5,1,1
100923043,14,1,2,7,1,1
100873180,2,1,3,4,0,0
101014025,15,1,2,2,1,1
100936624,12,1,3,3,1,1
101009281,12,1,3,1,1,1
100877111,15,1,2,5,1,1
100884888,15,1,2,0,1,1
100969890,2,1,2,3,0,0
100890096,2,1,3,5,0,0
101080772,15,1,3,3,0,1
100823125,12,1,3,0,1,1
100711978,2,1,3,5,0,0
100348200,14,1,2,1,0,1
100838723,14,1,3,7,1,1
101018940,2,1,3,2,0,0
100802396,12,1,3,2,1,1
100916953,15,1,3,0,1,1
101099948,12,1,3,1,1,1
100943627,2,1,2,6,0,0
100530089,4,1,3,3,0,0
100650294,8,1,2,1,1,1
100667624,15,1,3,7,1,1
101037598,2,1,3,6,0,0
100609065,12,1,3,2,1,1
100982538,2,1,3,0,0,0
100752765,15,1,2,4,0,1
100961460,12,1,2,6,1,1
101015674,14,1,2,3,1,1
101039211,15,1,2,4,1,1
100881526,12,1,3,0,1,1
100796919,7,1,2,7,1,1
101054990,7,1,3,7,1,1
101189141,12,1,3,1,1,1
101005302,12,1,3,7,0,1
100616482,2,1,2,0,0,0
100598857,13,1,3,3,1,1
101054005,12,1,2,5,1,1
100536200,13,1,2,2,1,1
100916471,13,1,2,4,1,1
100605355,15,1,3,5,1,1
100903959,12,1,3,4,0,1
100712959,15,1,3,6,1,1
101033159,2,1,3,5,0,0
100985783,15,1,2,3,1,1
100712310,2,1,2,5,0,0
100987421,15,1,3,4,1,1
101021248,15,1,3,4,1,1
101110986,12,1,3,5,1,1
101076997,12,1,2,2,1,1
100838378,15,1,3,1,0,1
101153611,2,1,2,4,0,0
101009487,2,1,3,0,0,0
100954018,2,1,3,4,0,0
101066975,15,1,3,3,1,1
100994116,12,1,2,4,1,1
100533791,2,1,2,1,0,0
100541020,15,1,3,6,1,1
100965211,12,1,2,2,1,1
100948978,15,1,3,2,0,1
100876112,15,1,2,2,1,1
100904092,14,1,2,7,1,1
100379797,13,1,3,4,1,1
100979317,15,1,2,5,1,1
100972915,12,1,3,2,1,1
100796653,14,1,2,4,1,1
100507734,13,1,3,3,1,1
101038662,15,1,3,3,1,1
101104855,15,1,3,1,1,1
100953953,15,1,2,5,1,1
100847126,15,1,2,3,1,1
101069329,2,1,2,1,0,0
100990314,2,1,3,7,0,0
100914405,15,1,3,5,1,1
101038894,2,1,3,7,0,0
101061572,2,1,3,0,0,0
101009993,9,1,2,1,1,1
100930649,15,1,2,0,1,1
100802727,15,1,2,1,1,1
100815550,12,1,2,2,1,1
100585136,14,1,2,7,1,1
101008651,12,1,3,6,1,1
100823204,15,1,2,1,1,1
100763305,2,1,2,7,0,0
100908053,14,1,2,2,1,1
101124596,12,1,3,2,1,1
100943141,13,1,3,7,1,1
101085141,12,1,2,4,1,1
100562086,15,1,2,3,1,1
100141348,15,1,2,6,1,1
101228826,7,1,3,4,0,0
100934900,12,1,2,2,1,1
100923426,12,1,2,0,1,1
100923399,15,1,3,6,1,1
101053670,15,1,3,3,1,1
101034449,7,1,3,5,1,1
100988269,7,1,3,6,0,0
101092754,15,1,3,4,1,1
101165814,15,1,3,1,1,1
100826845,15,1,3,5,0,0
100878544,13,1,2,5,1,1
100572939,12,1,2,5,1,1
100843033,9,1,3,1,0,1
100817864,7,1,2,4,1,1
100891329,15,1,3,1,1,1
101119663,7,1,2,2,0,0
100991832,7,1,2,7,0,1
100946614,7,1,3,2,0,0
100957716,7,1,3,7,1,1
100981744,12,1,2,3,1,1
100516926,2,1,2,7,0,0
101032702,12,1,2,7,1,1
101018997,15,1,3,2,1,1
101099647,15,1,2,1,1,1
100931270,2,1,3,1,0,0
101054751,12,1,2,5,1,1
100879947,12,1,2,5,1,1
100806370,12,1,2,6,1,1
101079829,12,1,3,7,1,1
100640845,14,1,2,5,1,1
101037167,2,1,2,5,0,0
100622081,2,1,3,5,0,0
101020576,2,1,3,1,0,1
100895346,2,1,3,6,0,0
100915501,13,1,2,6,0,1
100803689,13,1,2,1,1,1
101023374,15,1,3,2,1,1
101014260,12,1,3,2,1,1
100996853,15,1,2,2,1,1
101024956,15,1,3,2,0,0
101162324,7,1,3,0,0,0
100824505,12,1,3,3,1,1
100376121,15,1,2,5,1,1
100967385,9,1,2,7,1,1
101200084,15,1,2,6,1,1
101067889,4,1,3,4,0,0
100802361,13,1,3,4,0,0
100747023,4,1,2,5,0,0
100814833,12,1,2,2,1,1
100579037,15,1,3,6,1,1
100361719,4,1,3,1,0,0
100511863,2,1,3,7,0,0
100690183,13,1,3,2,1,1
100906631,15,1,2,3,1,1
100960109,12,1,3,4,0,1
100983152,15,1,3,6,0,1
100837276,14,1,2,1,0,1
101081614,12,1,1,0,1,1
100311736,9,1,2,7,1,1
101011949,12,1,3,7,1,1
100993410,12,1,1,1,1,1
101052906,12,1,5,2,1,1
101067917,12,1,3,6,1,1
100625318,14,1,3,7,1,1
101081801,12,1,5,2,1,1
100888935,2,1,3,7,0,0
100962426,15,1,1,4,1,1
100987419,15,1,3,5,1,1
101111148,12,1,2,2,1,1
100911473,2,1,4,3,0,0
100919806,15,1,3,5,1,1
101013609,4,1,2,3,1,1
101029781,12,1,3,4,1,1
100622909,14,1,1,3,0,1
101032039,15,1,4,7,0,0
100981980,15,1,5,5,1,1
100375037,2,1,5,7,0,0
100494739,4,1,2,2,0,0
101006322,15,1,5,3,0,1
100934027,15,1,1,4,1,1
101035096,2,1,2,0,0,0
101072871,13,1,2,3,1,1
101146589,15,1,3,6,1,1
101050968,12,1,1,4,1,1
100921547,2,1,5,7,0,0
100902778,13,1,2,6,1,1
101014525,15,1,3,6,1,1
101058849,12,1,1,4,1,1
100940270,15,1,5,0,1,1
100983314,12,1,1,6,1,1
101028787,2,1,5,6,0,1
101143768,2,1,5,3,0,0
100528396,13,1,5,0,1,1
100997234,15,1,2,4,1,1
100876866,2,1,2,7,0,0
100806019,15,1,5,6,1,1
101187758,7,1,2,5,0,0
100427641,15,1,3,3,1,1
100987395,15,1,2,3,1,1
100812022,2,1,4,1,0,1
101126479,9,1,5,7,1,1
101112718,2,1,1,2,0,0
100920382,12,1,4,2,1,1
100505792,2,1,4,6,0,0
100565875,9,1,3,0,1,1
100948995,12,1,5,2,1,1
101111312,15,1,4,1,1,1
100709850,13,1,5,7,1,1
100666447,13,1,5,3,1,1
101116961,15,1,3,0,1,1
101111907,2,1,4,0,0,1
101165964,7,1,5,1,0,0
100904447,15,1,4,4,0,1
100687354,13,1,2,2,1,1
100778862,14,1,4,2,1,1
100992097,12,1,2,2,1,1
100283343,8,1,5,7,0,0
101192551,12,1,3,0,1,1
101096520,12,1,3,1,1,1
100822738,15,1,1,4,1,1
101055224,15,1,2,2,1,1
100877324,15,1,3,5,0,1
101094660,2,1,1,7,0,0
100880572,13,1,2,5,1,1
101078466,2,1,3,0,0,0
100958516,12,1,5,2,1,1
100316793,4,1,5,1,0,0
101049769,15,1,5,3,1,1
100962861,7,1,3,0,0,0
101038993,12,1,2,2,1,1
100825670,15,1,5,5,1,1
100900306,15,1,3,2,1,1
101088898,12,1,2,7,1,1
100891678,2,1,4,2,1,1
100681295,13,1,4,7,1,1
100940665,12,1,1,4,1,1
101047016,2,1,4,2,0,0
101022978,12,1,5,3,1,1
101172562,2,1,4,6,0,0
100725773,15,1,3,7,1,1
100663817,15,1,2,4,0,1
100912382,15,1,4,3,1,1
101146451,2,1,5,4,0,0
100956202,15,1,2,1,1,1
100973481,15,1,3,1,1,1
101066884,2,1,2,1,0,0
100870727,2,1,2,6,0,0
100722664,12,1,3,6,1,1
101019745,2,1,1,6,0,0
101143098,12,1,5,2,1,1
100542494,15,1,4,3,1,1
101067498,12,1,1,6,1,1
100934206,12,1,2,6,1,1
100780107,12,1,5,1,1,1
101051076,7,1,1,4,1,1
101102897,15,1,2,5,1,1
101118239,2,1,3,5,0,0
100786815,15,1,3,5,0,0
101032571,15,1,3,6,1,1
100897087,12,1,5,4,1,1
100889719,2,1,4,5,0,0
100994779,12,1,1,1,1,1
100840772,15,1,1,6,0,0
101077471,7,1,3,5,0,0
100865999,12,1,5,3,0,1
100893495,2,1,1,7,0,0
100920046,15,1,3,4,1,1
101006861,12,1,1,1,1,1
100906987,14,1,5,6,1,1
100956727,15,1,3,2,1,1
100887381,2,1,1,7,0,0
101080038,12,1,2,7,1,1
100697400,2,1,3,0,0,0
100987032,15,1,1,4,1,1
100050927,14,1,4,5,1,1
101011825,12,1,2,7,0,1
100755153,15,1,5,3,1,1
101060842,15,1,1,2,1,1
100383503,2,1,3,0,0,0
100886721,2,1,4,1,0,0
100194567,15,1,4,2,1,1
101178120,2,1,2,5,1,1
100837121,15,1,5,7,1,1
100760086,15,1,3,0,1,1
101029548,2,1,5,3,0,0
100671871,2,1,5,5,0,0
100884781,4,1,3,5,0,0
100967943,15,1,3,4,0,1
101168538,15,1,4,6,1,1
101073406,2,1,1,3,1,1
100182537,12,1,3,3,1,1
100775492,2,1,2,7,0,0
101088129,2,1,3,5,0,0
101048559,15,1,1,4,1,1
100751729,12,1,1,4,1,1
100725392,15,1,5,5,0,1
101041398,12,1,3,3,1,1
101042012,12,1,1,1,1,1
100901288,12,1,2,6,1,1
100809833,10,1,4,6,0,1
100909904,2,1,4,6,0,0
101104664,15,1,2,7,1,1
100966301,12,1,2,7,1,1
100837886,15,1,3,0,1,1
100720256,13,1,1,2,1,1
100584280,15,1,3,7,0,1
100872207,12,1,5,6,1,1
101072584,12,1,4,0,1,1
100990778,12,1,2,1,1,1
100818655,12,1,3,1,1,1
101111533,12,1,2,0,1,1
101028296,12,1,4,6,1,1
100750125,10,1,3,7,0,1
100766458,15,1,3,5,1,1
100949480,15,1,5,3,1,1
100850639,2,1,4,2,0,0
100919771,15,1,3,1,0,1
100998422,15,1,1,6,1,1
101055120,15,1,5,5,1,1
100996698,2,1,4,7,0,0
101031928,15,1,4,7,1,1
100764438,15,1,4,7,1,1
100891398,12,1,2,6,0,0
100810664,15,1,5,6,1,1
100916569,15,1,2,4,1,1
101015063,12,1,1,0,1,1
100660056,10,1,5,6,1,1
100575434,15,1,4,6,1,1
100982311,2,1,2,6,0,0
100900382,4,1,4,4,1,1
100325208,4,1,2,5,0,1
101083346,7,1,4,0,0,0
101115913,12,1,3,4,1,1
101008284,12,1,4,0,1,1
101003484,2,1,5,4,0,0
100887406,12,1,5,5,1,1
100981582,4,1,2,7,0,0
100873908,12,1,4,0,1,1
100771605,2,1,2,4,0,0
100820368,2,1,3,6,0,0
101030411,12,1,3,0,1,1
101086012,12,1,3,2,1,1
101011666,15,1,1,5,0,1
100988222,2,1,5,4,0,0
101115763,12,1,4,6,1,1
100938682,7,1,5,0,1,1
101014670,15,1,1,6,0,1
100585577,13,1,1,2,1,1
101028850,15,1,1,2,1,1
100607113,2,1,0,0,0,0
100783943,15,1,1,1,1,1
100348979,12,1,1,4,1,1
100468915,15,1,1,4,1,1
100998143,15,1,1,2,1,1
101196965,15,1,1,5,1,1
100826887,13,1,1,6,1,1
101182977,15,1,1,6,1,1
100968921,2,1,0,2,0,0
101088617,15,1,1,1,0,1
101010157,12,1,1,0,1,1
101079869,2,1,0,3,0,0
101114475,15,1,1,6,1,1
100094977,15,1,1,4,1,1
100599932,12,1,1,2,1,1
101163696,12,1,1,0,1,1
101165661,12,1,1,4,1,1
101018744,7,1,0,4,0,0
101038574,7,1,0,3,0,0
100910251,12,1,1,7,1,1
100703881,15,1,1,1,1,1
100881104,2,1,0,4,0,0
101070485,15,1,1,4,0,1
101120539,12,1,1,2,1,1
100866977,12,1,1,5,1,1
101132961,12,1,1,7,1,1
101070876,12,1,1,0,1,1
100091576,4,1,0,7,0,0
100725980,2,1,0,3,0,0
101091089,12,1,1,5,1,1
101047982,7,1,1,1,1,1
100804762,15,1,1,4,1,1
100815632,12,1,1,6,1,1
101191149,12,1,1,6,1,1
101066901,15,1,1,6,0,1
101040187,7,1,0,0,0,0
100992825,15,1,1,6,1,1
100806100,12,1,1,5,1,1
100848120,13,1,1,5,1,1
100918750,15,1,1,4,0,1
101017361,15,1,1,7,1,1
101019753,15,1,1,1,1,1
100906453,2,1,0,7,0,0
100782669,2,1,1,4,1,1
100830110,15,1,1,7,1,1
101029183,12,1,1,5,1,1
100915528,15,1,1,3,1,1
101003315,12,1,1,5,1,1
100917964,2,1,0,0,0,0
100938493,12,1,1,2,1,1
100710556,15,1,1,5,0,1
101006878,15,1,1,2,1,1
100732616,12,1,1,1,1,1
101220281,7,1,0,6,0,0
100960032,12,1,1,5,1,1
101041636,12,1,1,5,1,1
100873555,13,1,1,0,1,1
101044666,8,1,0,1,0,0
100993198,15,1,1,2,1,1
101049406,15,1,1,2,1,1
100619189,2,1,1,4,1,1
100222418,2,1,1,0,1,1
101070160,12,1,1,7,0,1
100898620,12,1,1,5,1,1
100830200,2,1,0,0,0,0
101060909,7,1,0,7,0,0
101139190,15,1,1,3,1,1
100975072,12,1,1,5,0,1
101164144,12,1,1,6,0,1
101191603,7,1,1,7,1,1
100893859,15,1,1,0,1,1
100906875,2,1,0,2,0,0
101147614,7,1,0,5,0,0
101017931,12,1,1,3,1,1
100801479,2,1,0,7,0,0
100925073,12,1,1,0,1,1
100609929,15,1,1,3,1,1
101095687,2,1,1,0,1,1
101027701,12,1,1,5,1,1
101021841,2,1,1,4,1,1
100956115,7,1,1,6,1,1
100902917,15,1,1,2,0,1
101002130,15,1,1,7,1,1
100865635,13,1,1,6,1,1
100831129,15,1,1,7,1,1
100991382,12,1,1,6,1,1
100937256,15,1,1,6,1,1
101062093,7,1,0,3,0,0
101127608,2,1,1,0,1,1
101074485,7,1,0,1,0,0
101011227,15,1,1,4,1,1
100925414,12,1,1,4,0,1
100774006,2,1,1,0,1,1
100468512,15,1,1,6,1,1
101144704,2,1,0,2,0,0
100539670,15,1,1,6,1,1
100897984,15,1,1,4,1,1
101157393,15,1,1,2,1,1
100634908,4,1,1,2,1,1
100855236,2,1,1,3,1,1
101012575,2,1,0,6,0,0
100833037,15,1,1,0,1,1
100963297,15,1,1,0,1,1
101042449,2,1,0,0,0,0
100932379,15,1,1,1,1,1
101106260,12,1,1,6,1,1
100990836,2,1,1,7,1,1
101189983,7,1,0,3,0,0
101117578,15,1,1,0,1,1
101074693,15,1,1,4,1,1
101099916,15,1,1,4,1,1
101137984,15,1,1,4,1,1
101150285,12,1,1,5,1,1
101186923,12,1,1,0,1,1
100599591,12,1,1,1,1,1
100638373,2,1,0,1,0,0
100638660,15,1,1,2,1,1
100942827,12,1,1,0,1,1
101039722,15,1,1,2,1,1
101050775,12,1,1,5,1,1
100963380,7,1,1,3,0,1
101036049,15,1,1,3,1,1
101045244,15,1,1,3,1,1
100923356,15,1,1,5,1,1
101165132,15,1,1,5,1,1
101024188,15,1,1,3,1,1
101038714,12,1,1,6,1,1
101028778,15,1,1,3,1,1
100946904,12,1,1,6,1,1
100696007,4,1,0,0,0,0
100790225,15,1,1,2,1,1
100148335,12,1,1,1,1,1
100722622,14,1,1,7,1,1
100666469,15,1,1,5,1,1
101018679,7,1,0,5,0,0
101207406,15,1,1,4,1,1
100987098,13,1,1,3,0,1
100710687,15,1,1,1,1,1
101112275,7,1,0,7,0,0
100671159,4,1,0,1,0,0
100950907,15,1,1,6,1,1
101091104,15,1,1,7,1,1
101061371,15,1,1,1,1,1
100750473,15,1,1,2,1,1
101074815,12,1,1,1,1,1
100195435,15,1,1,6,1,1
100775311,2,1,0,4,0,0
101064905,7,1,0,1,0,0
100098790,4,1,0,0,0,0
100761930,15,1,1,5,1,1
100958892,15,1,1,3,1,1
100305584,12,1,1,2,1,1
100952856,15,1,1,0,1,1
100749161,12,1,1,4,1,1
101132660,15,1,1,1,1,1
100951599,12,1,1,1,1,1
101090431,12,1,1,6,1,1
101094971,7,1,0,1,0,0
100959790,12,1,1,1,0,1
101092698,15,1,1,7,1,1
100878326,15,1,1,2,1,1
101050120,15,1,1,6,0,1
101028758,12,1,1,6,1,1
101130810,7,1,0,0,0,0
100767721,12,1,1,4,1,1
100707130,2,1,1,0,1,1
100888080,12,1,1,0,1,1
100847449,15,1,1,1,1,1
101110606,12,1,1,7,1,1
100486980,15,1,1,7,1,1
100573713,8,1,0,5,0,0
100845742,2,1,0,4,0,0
101030008,12,1,1,7,1,1
101080308,12,1,1,0,1,1
100876716,12,1,1,3,0,1
101102807,15,1,1,2,1,1
101117477,15,1,1,4,1,1
101156107,12,1,1,1,1,1
100922212,15,1,1,0,1,1
100961238,7,1,0,1,0,0
100994312,12,1,1,0,1,1
101089624,15,1,1,1,1,1
101086156,12,1,1,6,1,1
101023984,15,1,1,2,1,1
100892816,15,1,1,1,1,1
100581189,15,1,1,1,0,1
100901461,2,1,1,2,1,1
100923368,12,1,1,1,0,1
101007985,12,1,1,7,1,1
100694158,4,1,0,4,0,0
101062648,12,1,1,6,1,1
100874922,15,1,1,6,1,1
100808754,12,1,1,1,1,1
101079098,12,1,1,2,1,1
101172607,7,1,0,1,0,0
101009506,12,1,1,5,1,1
101050849,2,1,0,1,0,0
100860447,12,1,1,1,1,1
100900723,15,1,1,5,1,1
100990210,12,1,1,4,1,1
100981827,2,1,0,0,0,0
101100120,7,1,1,6,1,1
101062877,12,1,1,3,1,1
100905209,2,1,0,3,0,0
100821371,2,1,0,5,0,0
100345388,12,1,1,2,1,1
101096779,15,1,1,1,1,1
100886401,2,1,0,2,0,0
100839109,14,1,1,7,1,1
101111468,12,1,1,2,1,1
100902328,4,1,1,1,1,1
101025032,12,1,1,4,0,1
101049812,15,1,1,2,1,1
101121190,12,1,1,7,1,1
101146868,5,1,1,6,1,1
101147826,15,1,1,1,1,1
101136762,9,1,1,6,1,1
100760351,2,1,0,6,0,0
101080200,15,1,1,5,1,1
100937068,15,1,1,5,1,1
101008960,15,1,1,4,1,1
100769048,2,1,0,0,0,0
100934649,4,1,1,4,0,1
100887970,12,1,1,0,1,1
101060818,15,1,1,5,1,1
101008705,2,1,0,2,0,0
100894052,9,1,1,5,1,1
101030634,15,1,1,7,1,1
100905556,12,1,1,7,1,1
100562154,2,1,0,2,0,0
101029831,15,1,1,6,1,1
101135758,12,1,1,1,1,1
100804446,15,1,1,2,1,1
101022537,12,1,1,2,1,1
100784219,12,1,1,1,1,1
100810340,2,1,0,1,0,0
101015619,10,1,1,4,1,1
100977568,12,1,1,0,1,1
100816670,12,1,1,7,1,1
100890229,15,1,1,2,1,1
100774997,15,1,1,5,1,1
100870432,12,1,1,4,1,1
101092612,15,1,1,2,1,1
100956309,10,1,1,4,1,1
101180003,2,1,0,0,0,0
100860650,15,1,1,5,0,1
101020079,2,1,0,1,0,0
101020003,12,1,1,4,1,1
100915424,12,1,1,2,1,1
101001587,4,1,0,0,0,0
100712135,12,1,1,4,1,1
100860497,15,1,1,5,1,1
101067063,12,1,1,6,1,1
100888638,2,1,0,0,0,0
100909326,15,1,1,4,0,0
100076394,4,1,1,2,1,1
100710007,15,1,1,1,1,1
101010980,15,1,1,6,1,1
101133959,7,1,0,4,0,0
100801650,6,0,0,6,0,0
100970682,2,0,0,5,0,0
100563709,7,0,0,3,0,0
100810528,18,0,0,0,0,0
100926780,7,0,0,1,0,0
100223526,2,0,0,6,0,0
100910960,2,0,0,4,0,0
100223471,2,0,0,0,0,0
100923059,2,0,0,1,0,0
100766013,2,0,0,2,0,0
101077779,4,0,0,5,0,0
100825967,8,0,0,7,0,0
100925744,8,0,0,7,0,0
100530806,11,0,0,2,0,0
100836871,6,0,0,4,0,0
100923407,8,0,0,4,1,0
101021927,2,0,0,5,0,0
100664582,2,0,0,1,0,0
100980285,7,0,0,5,0,0
100430651,10,0,5,2,0,0
100505953,10,0,5,5,0,0
100181550,2,0,1,1,1,0
100558731,11,0,5,3,0,0
101114190,2,0,1,7,0,0
100918137,2,0,5,4,0,0
100777143,2,0,1,1,0,0
100566589,2,0,1,3,0,0
100541619,11,0,1,1,0,0
101075606,2,0,5,2,0,0
100772087,2,0,3,6,0,0
101122530,2,0,4,3,1,0
100524579,11,0,1,5,0,0
101052487,2,0,5,6,0,0
100264189,10,0,3,7,0,0
100771894,10,1,1,2,0,0
100107380,10,0,5,2,0,0
100576908,8,0,5,0,0,0
101042336,4,0,1,3,0,0
100581205,10,0,2,7,0,0
100439213,10,0,5,2,0,0
100734552,10,0,5,7,0,0
100868887,2,0,3,5,0,0
100287923,10,0,3,0,0,0
100894313,2,0,3,3,0,0
100635916,7,0,4,6,1,0
100012759,9,0,3,7,0,0
100513486,4,0,1,3,0,0
100988738,2,0,3,7,0,0
100173955,2,0,1,0,0,0
100820690,2,0,1,1,0,0
100590039,10,0,5,0,0,0
100584018,2,0,4,2,0,0
100914885,2,0,1,0,0,0
100932419,5,0,2,4,0,0
100333827,1,0,5,2,1,0
100101795,10,0,5,4,0,0
100262311,10,0,1,7,0,0
100860086,2,0,2,0,0,0
100750863,10,0,5,7,0,0
101023711,2,0,2,7,0,0
100826037,8,0,3,0,0,0
100971241,2,0,3,0,0,0
100021079,10,0,2,0,0,0
100645579,10,0,5,4,0,0
101131547,4,0,1,0,0,0
100853920,2,0,3,0,0,0
100931253,2,0,1,0,0,0
100810045,2,0,4,2,0,0
100812277,2,0,3,1,1,0
100742609,10,0,4,4,0,0
100110457,2,0,5,6,0,0
100215996,2,0,4,6,0,0
100742947,2,0,2,2,0,0
100055670,10,0,2,6,0,0
100254530,10,0,4,3,0,0
100869706,4,0,3,0,0,0
100597007,7,0,3,5,0,0
100794575,2,0,2,0,0,0
101052242,2,0,3,2,0,0
100738991,2,0,4,3,0,0
100049226,10,0,5,0,0,0
100018032,10,0,3,5,0,0
100156511,2,0,2,5,0,0
100948157,10,0,2,1,0,0
100382887,4,0,5,7,0,0
100739028,7,0,4,4,0,0
100907964,2,0,5,3,0,0
100979496,4,0,2,1,0,0
100336075,10,0,4,6,0,0
100269463,10,0,2,4,0,0
100325776,10,0,3,0,0,0
100954854,2,0,5,5,0,0
100847085,2,0,4,0,0,0
100964542,10,0,1,4,0,0
100523512,2,0,5,7,0,0
100934917,2,0,5,5,0,0
100967833,7,0,1,7,0,0
100861705,4,0,5,1,0,0
100895042,4,0,1,0,0,0
100559610,11,0,3,5,0,0
100387957,10,0,1,7,0,0
101084173,7,0,1,1,0,0
100550292,8,0,1,3,0,0
100882642,5,0,4,5,0,0
100734715,10,0,4,4,0,0
100664430,10,0,2,1,0,0
100510721,10,0,3,2,0,0
100884236,2,0,4,2,0,0
100039645,10,0,2,2,0,0
100960193,10,0,1,7,0,0
101011907,4,0,5,6,0,0
100949817,4,0,5,6,0,0
100754712,10,0,2,5,0,0
100234736,2,0,2,0,0,0
100360873,2,0,2,4,0,0
100507833,10,0,5,5,0,0
100301425,10,0,4,2,0,0
100005514,10,0,3,4,0,0
100953209,7,0,1,3,0,0
100221681,11,0,2,4,0,0
100002829,10,0,4,6,0,0
100704411,6,0,5,3,0,0
100392242,2,0,4,2,0,0
100272108,10,0,4,0,0,0
100491610,10,0,3,4,0,0
100386875,9,0,3,5,0,0
100673961,10,0,3,1,0,0
100927775,2,0,5,1,0,0
100243342,2,0,1,1,0,0
100373639,10,0,3,5,0,0
100679413,10,0,1,3,0,0
100931986,2,0,4,0,0,0
100762611,4,0,2,5,0,0
100708188,10,0,2,1,0,0
101002094,2,0,1,3,0,0
100870568,4,0,2,2,0,0
100679166,17,0,5,5,0,0
100910450,2,0,1,1,0,0
100195154,10,0,3,6,0,0
100469739,10,0,2,4,0,0
100852559,7,0,3,6,0,0
100253866,10,0,4,5,0,0
100420642,2,0,3,6,0,0
100944935,10,0,4,3,0,0
100914427,2,0,1,5,0,0
100784266,10,0,2,4,0,0
100308702,10,0,4,0,0,0
100946952,2,0,2,3,0,0
100056295,10,0,5,2,0,0
100385731,10,0,5,6,0,0
100215281,2,0,2,3,0,0
100233786,10,0,2,2,0,0
100358922,10,0,2,6,0,0
100984508,9,0,5,6,0,0
100611573,2,0,2,2,0,0
100779776,2,0,5,4,0,0
100537496,10,0,2,6,0,0
100022838,10,0,4,4,0,0
100110571,10,0,5,6,0,0
100203297,10,0,4,3,0,0
100888894,10,0,4,6,0,0
100178185,10,0,2,5,0,0
100936462,6,0,4,6,0,0
100007448,2,0,3,3,0,0
100048150,10,0,4,4,0,0
100001831,10,0,1,5,0,0
100311681,2,0,5,3,0,0
100701435,4,0,5,3,0,0
100527123,10,0,1,2,0,0
100374625,10,0,4,5,0,0
100900650,2,0,4,4,0,0
100773263,6,0,3,7,0,0
100779772,2,0,3,2,0,0
100772562,2,0,4,5,0,0
100868228,2,0,4,4,0,0
100361692,10,0,3,5,0,0
101029969,2,0,5,2,0,0
100872085,2,0,3,5,0,0
100260766,1,0,1,5,0,0
100090473,10,0,3,5,0,0
100823827,2,0,1,0,0,0
101104976,10,0,1,0,0,0
100493766,10,0,2,0,0,0
100701791,4,0,5,0,0,0
100234739,10,0,1,7,0,0
100293657,10,0,5,2,0,0
100667341,10,0,3,5,0,0
100608937,10,0,3,4,0,0
101006774,2,0,3,2,0,0
100819568,7,0,4,5,0,0
100859977,2,0,5,2,0,0
100400012,10,0,3,0,0,0
100861057,8,0,4,5,0,0
100593816,10,0,5,6,0,0
100972109,2,0,1,1,0,0
101016827,10,0,4,2,0,0
100378993,10,0,2,3,0,0
101090955,4,0,5,4,0,0
100910348,10,0,2,0,0,0
100691362,2,0,1,5,0,0
100943772,2,0,5,5,0,0
100796788,10,0,4,5,0,0
100234813,10,0,2,1,0,0
100887692,5,0,1,2,0,0
100897947,5,0,2,4,0,0
101112332,2,0,3,3,0,0
101093216,2,0,5,6,0,0
100236534,10,0,1,4,0,0
100471570,10,0,4,7,0,0
100469740,10,0,2,0,0,0
100760681,10,0,1,5,0,0
100838301,10,0,2,5,0,0
100230812,10,0,3,4,0,0
101116928,2,0,1,1,0,0
100773749,10,0,4,0,0,0
100809720,2,0,3,5,0,0
100383222,10,0,1,1,0,0
101211649,2,0,2,6,0,0
100288543,10,0,5,2,0,0
100194098,10,0,4,2,0,0
100371592,10,0,4,1,0,0
100216276,4,0,4,3,0,0
100948071,4,0,5,1,0,0
100019785,10,0,3,1,0,0
100690341,10,0,3,0,0,0
100386659,10,0,1,3,0,0
100435464,10,0,3,4,0,0
100174192,10,0,1,4,0,0
100617173,10,0,3,2,0,0
100160896,10,0,4,2,0,0
100632358,6,0,2,2,0,0
100041733,10,0,1,4,0,0
100830566,2,0,1,3,0,0
100613044,10,0,5,7,0,0
100028350,2,0,4,5,0,0
100781053,2,0,4,4,0,0
100908954,2,0,3,1,0,0
100352966,10,0,5,2,0,0
100514672,10,0,5,3,0,0
100885362,2,0,5,7,0,0
100444214,10,0,2,7,0,0
100029893,2,0,4,3,0,0
100893412,10,0,1,3,0,0
100466716,10,0,2,0,0,0
100704130,10,0,2,1,0,0
100374272,2,0,5,6,0,0
100222677,10,0,4,6,0,0
100100858,6,0,1,5,0,0
100705784,10,0,5,0,0,0
100539690,4,0,1,5,0,0
100589929,10,0,3,0,0,0
100837534,2,0,4,5,0,0
100423915,10,0,1,4,0,0
100257033,10,0,3,4,0,0
100971871,1,0,4,7,0,0
100704173,10,0,5,3,0,0
100723956,5,0,2,1,0,0
100082975,10,0,2,2,0,0
100765583,10,0,4,3,0,0
100874916,4,0,5,2,0,0
100486250,10,0,2,6,0,0
100495711,2,0,1,3,0,0
100712465,4,0,1,1,0,0
100650121,2,0,5,1,0,0
100350184,10,0,1,0,0,0
100385395,10,0,4,7,0,0
101017052,2,0,1,0,0,0
100698912,10,0,2,5,0,0
100699504,10,0,1,0,0,0
100481292,2,0,1,7,0,0
100795633,2,0,4,2,0,0
100255739,16,0,2,3,0,0
100062767,10,0,4,5,0,0
100821663,1,0,5,4,0,0
100694237,2,0,1,2,0,0
100620051,10,0,1,7,0,0
100574895,10,0,3,2,0,0
100515408,10,0,3,2,0,0
100432934,10,0,5,3,0,0
100653986,2,0,5,7,0,0
100381268,10,0,5,5,0,0
101228709,2,0,4,2,0,0
100689004,10,0,3,5,0,0
100898555,2,0,5,4,0,0
100254554,2,0,5,3,0,0
100750841,2,0,5,3,0,0
100292326,10,0,1,4,0,0
100192226,4,0,5,1,0,0
100458496,10,0,5,3,0,0
100330524,10,0,4,3,0,0
100588271,10,0,3,3,0,0
100774062,4,0,3,6,0,0
100041406,10,0,2,2,0,0
100376538,10,0,2,6,0,0
100709359,10,0,5,0,0,0
100034305,10,0,4,1,0,0
100872352,2,0,1,0,0,0
100271995,10,0,5,2,0,0
100652344,2,0,1,3,0,0
101090405,6,0,2,2,0,0
100569034,2,0,3,7,0,0
100507447,10,0,2,0,0,0
101084552,6,0,3,0,0,0
100967323,2,0,5,7,0,0
100077199,10,0,5,1,0,0
100305057,2,0,5,3,0,0
100503784,2,0,4,2,0,0
100768451,10,0,1,1,0,0
100744396,2,0,4,4,0,0
100657893,2,0,2,6,0,0
100878346,10,0,2,3,0,0
100503265,10,0,1,5,0,0
100743496,7,0,1,4,0,0
100401612,2,0,2,0,0,0
100652242,2,0,1,4,0,0
100564656,5,0,4,7,0,0
100233749,10,0,2,1,0,0
100851216,2,0,4,5,0,0
100547261,10,0,3,2,0,0
100924949,10,0,2,0,0,0
100999332,2,0,2,1,0,0
100185288,10,0,5,6,0,0
100892960,4,0,2,4,0,0
101061405,4,0,2,2,0,0
101021766,2,0,2,5,0,0
100352796,10,0,2,5,0,0
100812270,10,0,3,1,0,0
100041983,10,0,1,1,0,0
100739789,10,0,2,7,0,0
100585703,9,0,4,4,0,0
100305027,2,0,1,0,0,0
100672498,10,0,1,3,0,0
100901875,2,0,1,7,0,0
100355298,10,0,5,6,0,0
100973758,2,0,1,0,0,0
100528080,10,0,5,7,0,0
100859355,2,0,1,6,0,0
100134390,10,0,5,4,0,0
100015002,10,0,4,1,0,0
100006034,10,0,1,6,0,0
100161927,10,0,1,0,0,0
101069570,10,0,5,5,0,0
100609722,10,0,3,6,0,0
100658887,10,0,2,7,0,0
100009743,2,0,4,5,0,0
100541703,2,0,4,6,0,0
101230330,2,0,1,4,0,0
100059381,10,0,1,5,0,0
101009384,2,0,4,4,0,0
100561120,2,0,3,2,0,0
100338766,2,0,3,0,0,0
100016649,10,0,1,4,0,0
100576165,10,0,5,7,0,0
100467541,2,0,5,3,0,0
100903042,2,0,5,7,0,0
100541105,10,0,1,3,0,0
101166167,10,0,1,2,0,0
100717431,2,0,5,7,0,0
100965743,2,0,4,2,0,0
101087637,2,0,1,1,0,0
100754304,10,0,4,4,0,0
100374421,10,0,3,1,0,0
100722474,2,0,5,3,0,0
100849652,4,0,3,3,0,0
100444893,10,0,5,7,0,0
100913837,2,0,2,1,0,0
100061977,10,0,5,5,0,0
100731754,10,0,3,1,0,0
100614972,2,0,2,2,0,0
100892689,10,0,4,7,0,0
100402115,10,0,1,1,0,0
100566554,10,0,5,4,0,0
100724401,10,0,3,4,0,0
100565971,2,0,1,6,0,0
100821429,10,0,4,3,0,0
100682181,10,0,2,4,0,0
100207548,2,0,5,4,0,0
100738583,10,0,1,5,0,0
100725155,10,0,5,3,0,0
100035911,10,0,5,0,0,0
100973790,2,0,2,1,0,0
100501119,10,0,4,3,0,0
100047720,10,0,3,5,0,0
100706956,6,0,3,5,0,0
100501538,10,0,4,5,0,0
100656289,2,0,5,6,0,0
100316188,10,0,3,3,0,0
101012628,5,0,3,4,0,0
100613603,10,0,1,2,0,0
100298100,10,0,2,2,0,0
100496833,2,0,2,2,0,0
100371854,2,0,3,3,0,0
100560258,2,0,4,0,0,0
100367238,10,0,3,6,0,0
100204422,10,0,5,4,0,0
100353023,10,0,1,6,0,0
100204169,10,0,2,7,0,0
100821111,2,0,4,6,0,0
100449039,10,0,3,3,0,0
100611361,2,0,2,4,0,0
100180793,10,0,3,5,0,0
100762087,2,0,4,1,0,0
100662327,10,0,3,1,0,0
100342626,10,0,5,0,0,0
100331106,4,0,4,5,0,0
100289142,10,0,2,2,0,0
101098178,2,0,3,4,0,0
100386282,10,0,5,1,0,0
100575777,2,0,4,1,0,0
100150951,10,0,3,6,0,0
100009858,10,0,2,4,0,0
100228519,10,0,1,4,0,0
100100156,10,0,3,5,0,0
100655558,4,0,1,4,0,0
101039374,10,0,5,2,0,0
100939075,2,0,1,2,0,0
100854531,1,0,3,4,0,0
100655969,10,0,1,1,0,0
100437927,10,0,3,5,0,0
100919670,1,0,5,0,0,0
100034927,2,0,5,3,0,0
100382780,10,0,2,3,0,0
101132913,2,0,3,1,0,0
101093653,5,0,2,0,0,0
100065546,10,0,1,2,0,0
100386832,10,0,2,7,0,0
101002855,6,0,1,4,0,0
100839577,10,0,2,2,0,0
100999253,2,0,2,3,0,0
100850622,2,0,1,4,0,0
100909431,2,0,2,0,0,0
100711871,10,0,1,3,0,0
100330476,4,0,4,3,0,0
100818175,10,0,2,7,0,0
100905188,10,0,1,0,0,0
101040993,4,0,4,6,0,0
101146534,2,0,4,6,0,0
100943939,10,0,3,0,0,0
100749670,10,0,2,7,0,0
100921320,2,0,1,7,0,0
100796699,2,0,3,7,0,0
100312006,2,0,2,1,0,0
100819576,10,0,3,2,0,0
100423066,10,0,3,5,0,0
100757672,4,0,5,4,0,0
100366285,10,0,3,0,0,0
100502203,4,0,3,3,0,0
100425685,10,0,3,6,0,0
100202076,10,0,1,7,0,0
100127195,10,0,5,4,0,0
100906659,10,0,2,1,0,0
100985420,10,0,5,0,0,0
100905498,2,0,5,3,0,0
101025824,4,0,4,6,0,0
100574257,10,0,3,6,0,0
100425094,10,0,4,4,0,0
100922612,10,0,2,1,0,0
100605729,10,0,4,1,0,0
100777359,4,0,2,5,0,0
100934462,2,0,1,1,0,0
100395608,10,0,4,0,0,0
100532829,10,0,4,6,0,0
100367667,2,0,1,3,0,0
100951336,2,0,5,6,0,0
100503855,10,0,4,4,0,0
101008966,10,0,4,1,0,0
100612191,10,0,2,3,0,0
100440358,10,0,1,4,0,0
100905490,2,0,4,4,0,0
100742041,4,0,5,1,0,0
100633550,2,0,1,1,0,0
100410339,2,0,5,5,0,0
101100811,2,0,3,2,0,0
101097536,4,0,3,2,0,0
100667765,10,0,4,3,0,0
101063988,2,0,4,4,0,0
100298667,10,0,3,6,0,0
101221748,2,0,1,2,0,0
100367527,10,0,1,4,0,0
100898383,2,0,1,7,0,0
100564551,2,0,1,4,0,0
100532093,10,0,2,0,0,0
100086046,10,0,4,0,0,0
101016064,2,0,3,4,0,0
100383606,10,0,5,1,0,0
100716739,10,0,3,1,0,0
100752673,4,0,4,7,0,0
100565483,10,0,4,1,0,0
100175221,10,0,2,3,0,0
100363282,10,0,5,3,0,0
101126696,2,0,2,4,0,0
100815612,2,0,1,7,0,0
100132518,10,0,3,7,0,0
100491474,10,0,1,5,0,0
100964679,2,0,3,7,0,0
100816387,10,0,3,0,0,0
100767030,10,0,2,4,0,0
100648936,2,0,5,6,0,0
100612314,2,0,5,7,0,0
100361812,2,0,2,0,0,0
100612558,10,0,5,1,0,0
100294225,10,0,2,5,0,0
100308397,10,0,1,7,0,0
100542965,10,0,1,4,0,0
100668480,2,0,5,2,0,0
100094090,10,0,5,7,0,0
100743119,4,0,2,4,0,0
100600105,10,0,5,0,0,0
100614638,10,0,3,7,0,0
100948351,1,0,4,4,0,0
100666805,10,0,4,7,0,0
100008874,10,0,5,5,0,0
100425088,10,0,4,4,0,0
100493692,10,0,1,4,0,0
100378710,10,0,1,2,0,0
101089914,2,0,1,6,0,0
101048170,2,0,1,6,0,0
100391742,10,0,5,0,0,0
100819212,2,0,4,4,0,0
100890191,10,0,1,4,0,0
100864805,10,0,4,0,0,0
100722706,10,0,5,0,0,0
101192432,6,0,1,0,0,0
100528486,2,0,3,3,0,0
100185560,10,0,5,1,0,0
100927980,2,0,4,0,0,0
100039461,10,0,1,0,0,0
100711198,2,0,3,6,0,0
100405899,10,0,1,1,0,0
101122942,2,0,2,1,0,0
100638720,10,0,4,3,0,0
101096812,2,0,3,3,0,0
100555136,9,0,4,3,0,0
100552098,2,0,5,3,0,0
100625189,10,0,4,0,0,0
101030212,2,0,2,1,0,0
100515077,10,0,2,7,0,0
100873135,10,0,1,0,0,0
100482818,10,0,5,3,0,0
100625256,10,0,1,0,0,0
100944494,2,0,2,5,0,0
100380238,10,0,2,4,0,0
100485694,10,0,2,0,0,0
100490989,10,0,4,0,0,0
100381896,10,0,3,2,0,0
100086981,10,0,3,3,0,0
100844491,2,0,2,0,0,0
100566738,10,0,2,4,0,0
100701787,2,0,1,3,0,0
100304335,2,0,3,4,0,0
100630372,2,0,2,0,0,0
100667476,10,0,4,3,0,0
100693876,2,0,4,4,0,0
101122096,4,0,3,6,0,0
100674269,2,0,1,5,0,0
100477483,10,0,5,3,0,0
100180655,10,0,4,7,0,0
101104377,2,0,1,0,0,0
100316630,2,0,2,3,0,0
100712924,2,0,4,3,0,0
100099806,10,0,5,0,0,0
100846413,2,0,1,1,0,0
100935398,2,0,1,4,0,0
100504546,10,0,5,4,0,0
100199441,2,0,3,1,0,0
101014600,2,0,5,2,0,0
100528700,10,0,1,4,0,0
100301965,10,0,2,3,0,0
100070171,10,0,4,3,0,0
100584195,2,0,2,6,0,0
100383641,10,0,3,7,0,0
100918082,8,0,3,5,0,0
100710035,2,0,2,7,0,0
100722144,10,0,4,3,0,0
100847090,10,0,5,4,0,0
100081412,10,0,5,1,0,0
100756001,10,0,1,2,0,0
100341359,6,0,3,1,0,0
100376870,2,0,2,7,0,0
100368333,2,0,4,7,0,0
100915582,2,0,5,1,0,0
100109982,10,0,3,6,0,0
101020476,4,0,5,1,0,0
100818164,10,0,1,1,0,0
100451467,10,0,2,4,0,0
101086803,2,0,2,7,0,0
100425720,10,0,1,5,0,0
100700448,2,0,5,4,0,0
100496001,10,0,4,2,0,0
100375406,10,0,4,4,0,0
100488632,2,0,2,3,0,0
100804202,2,0,3,0,0,0
100675394,10,0,4,5,0,0
100886180,10,0,2,4,0,0
100901793,10,0,5,0,0,0
100867763,2,0,5,2,0,0
100632839,10,0,4,3,0,0
100489187,7,0,4,4,0,0
101084820,2,0,5,2,0,0
100376515,10,0,2,7,0,0
100708172,10,0,1,0,0,0
100497954,10,0,1,7,0,0
100623175,2,0,3,6,0,0
100259095,10,0,3,3,0,0
100532938,2,0,5,6,0,0
100823276,2,0,5,7,0,0
100386357,10,0,3,7,0,0
100786835,2,0,3,4,0,0
100121456,10,0,1,1,0,0
100196876,10,0,5,5,0,0
100697767,10,0,4,3,0,0
100690812,10,0,3,4,0,0
100663382,2,0,5,6,0,0
100351485,10,0,5,3,0,0
100416979,10,0,3,6,0,0
100120645,2,0,0,1,0,0
100333256,10,0,0,7,0,0
100382258,10,0,0,0,0,0
100681264,2,0,0,1,0,0
100862357,2,0,0,7,0,0
100295950,10,0,0,6,0,0
100373097,10,0,0,7,0,0
100191475,10,0,0,2,0,0
100823331,2,0,0,1,0,0
100233579,10,0,0,2,0,0
100075134,10,0,0,7,0,0
101010777,10,0,0,2,0,0
100807304,2,0,0,7,0,0
100378779,10,0,0,1,0,0
100292824,8,0,0,1,0,0
101052689,7,0,0,2,0,0
100379115,10,0,0,5,0,0
100681181,4,0,0,6,0,0
100781912,4,0,0,7,0,0
100355383,10,0,0,1,0,0
101139843,6,0,0,5,0,0
100526532,10,0,0,7,0,0
100680179,10,0,0,7,0,0
100946890,2,0,0,3,0,0
100871715,2,0,0,4,0,0
100944374,10,0,0,1,0,0
100088277,10,0,0,1,0,0
100990357,2,0,0,0,0,0
100981723,2,0,0,4,0,0
100445816,10,0,0,7,0,0
100977190,10,0,0,7,0,0
100757782,2,0,0,6,0,0
100992773,2,0,0,7,0,0
100805410,2,0,0,1,0,0
100877084,10,0,0,4,0,0
100736633,5,0,0,0,0,0
100893455,2,0,0,3,0,0
100122174,2,0,0,5,0,0
100886439,2,0,0,6,0,0
100674646,10,0,0,0,0,0
101015116,4,0,0,5,0,0
100580131,4,0,0,1,0,0
100789920,2,0,0,0,0,0
100762744,2,0,0,1,0,0
100926217,6,0,0,3,0,0
100716264,2,0,0,2,0,0
100606205,10,0,0,6,0,0
100622607,10,0,0,6,0,0
100416229,4,0,0,1,0,0
100945173,10,0,0,4,0,0
100368483,10,0,0,5,0,0
101151911,10,0,0,6,0,0
100861074,10,0,0,5,0,0
100906435,2,0,0,0,0,0
100802784,2,0,0,4,0,0
100838427,2,0,0,2,0,0
100537709,4,0,0,4,0,0
100159602,10,0,0,7,0,0
100933992,10,0,0,0,0,0
100154568,10,0,0,0,0,0
100429676,10,0,0,0,0,0
100770977,2,0,0,6,0,0
100925240,4,0,0,5,0,0
100500330,2,0,0,1,0,0
100089766,10,0,0,0,0,0
100609567,10,0,0,7,0,0
100462110,10,0,0,5,0,0
100810719,10,0,0,5,0,0
100635422,10,0,0,6,0,0
100058321,4,0,0,2,0,0
100788794,10,0,0,3,0,0
100670088,4,0,0,7,0,0
100914298,2,0,0,5,0,0
101144728,2,0,0,7,0,0
100900886,2,0,0,1,0,0
100677735,4,0,0,4,0,0
100464090,4,0,0,3,0,0
100701430,6,0,0,6,0,0
100534425,2,0,0,3,0,0
100978089,4,0,0,0,0,0
100585663,10,0,0,2,0,0
101037258,2,0,0,3,0,0
100406249,10,0,0,3,0,0
101124520,2,0,0,2,0,0
100943692,2,0,0,1,0,0
100415342,4,0,0,5,0,0
100708612,10,0,0,2,0,0
100756183,10,0,0,1,0,0
101237868,10,0,0,4,0,0
100182723,10,0,0,4,0,0
101051135,2,0,0,3,0,0
100508897,10,0,0,7,0,0
100294590,10,0,0,6,0,0
100517227,10,0,0,3,0,0
100425323,10,0,0,3,0,0
100783742,2,0,0,2,0,0
100386257,10,0,0,4,0,0
100367228,2,0,0,3,0,0
100916963,10,0,0,4,0,0
100519954,10,0,0,7,0,0
100873340,2,0,0,6,0,0
100041746,10,0,0,2,0,0
101017012,4,0,0,5,0,0
100758105,2,0,0,4,0,0
100586673,2,0,0,4,0,0
100679373,4,0,0,1,0,0
100110483,10,0,0,6,0,0
100379934,10,0,0,4,0,0
100797925,2,0,0,7,0,0
101027077,2,0,0,7,0,0
100193182,9,0,0,6,0,0
100183626,2,0,0,2,0,0
100965572,9,0,0,0,0,0
100962851,2,0,0,6,0,0
100817701,2,0,0,3,0,0
100255516,9,0,0,4,0,0
100842998,5,0,0,1,0,0
100610842,10,0,0,1,0,0
100433927,4,0,0,6,0,0
100732526,2,0,0,6,0,0
100612867,4,0,0,6,0,0
100913345,10,0,0,2,0,0
100647516,10,0,0,5,0,0
101152375,7,0,0,1,0,0
100753513,2,0,0,6,0,0
100160279,2,0,0,4,0,0
100057228,2,0,0,0,0,0
100736124,2,0,0,0,0,0
100747345,10,0,0,3,0,0
100760043,2,0,0,3,0,0
100573343,10,0,0,4,0,0
100864133,2,0,0,3,0,0
100732801,10,0,0,0,0,0
100897552,4,0,0,7,0,0
100814982,10,0,0,4,0,0
100759030,10,0,0,1,0,0
100585649,10,0,0,7,0,0
100202330,10,0,0,3,0,0
100086327,10,0,0,2,0,0
100296141,10,0,0,7,0,0
100461744,10,0,0,4,0,0
100809886,2,0,0,5,0,0
100505952,10,0,0,7,0,0
100335842,2,0,0,2,0,0
101182687,2,0,0,0,0,0
101122773,2,0,0,6,0,0
101023867,2,0,0,1,0,0
100333492,10,0,0,2,0,0
100902877,10,0,0,6,0,0
100719198,2,0,0,7,0,0
100229187,10,0,0,7,0,0
100299297,10,0,0,1,0,0
100760600,5,0,0,7,0,0
100333937,9,0,0,2,0,0
100934679,2,0,0,7,0,0
100302006,10,0,0,5,0,0
100252821,4,0,0,2,0,0
100835106,10,0,0,2,0,0
100660707,10,0,0,4,0,0
100099798,10,0,0,4,0,0
100490376,10,0,0,4,0,0
100223962,10,0,0,2,0,0
100184784,2,0,0,0,0,0
100690015,10,0,0,4,0,0
100771918,2,0,0,0,0,0
101088321,2,0,0,4,0,0
100147166,10,0,0,1,0,0
100081754,10,0,0,2,0,0
100889601,2,0,0,5,0,0
100352539,10,0,0,0,0,0
100457126,6,0,0,6,0,0
101059041,2,0,0,2,0,0
100430783,2,0,0,4,0,0
100496453,9,0,0,4,0,0
100704153,4,0,0,3,0,0
100668775,10,0,0,0,0,0
100261080,10,0,0,3,0,0
101131062,2,0,0,0,0,0
100776416,2,0,0,5,0,0
100887401,4,0,0,6,0,0
100008121,10,0,0,1,0,0
100153060,10,0,0,3,0,0
100398308,10,0,0,5,0,0
100382651,10,0,0,3,0,0
100396659,2,0,0,6,0,0
100830002,4,0,0,6,0,0
100770728,2,0,0,2,0,0
100022038,10,0,0,2,0,0
101116588,6,0,0,4,0,0
100542774,10,0,0,5,0,0
100482249,2,0,0,4,0,0
100024784,10,0,0,7,0,0
100101005,10,0,0,2,0,0
100868104,4,0,0,3,0,0
100629054,2,0,0,1,0,0
100882256,10,0,0,6,0,0
100906669,4,0,0,1,0,0
100098933,10,0,0,5,0,0
100238956,2,0,0,4,0,0
100888868,1,0,0,5,0,0
101136892,7,0,0,1,0,0
100006842,10,0,0,3,0,0
100977928,2,0,0,1,0,0
100711116,1,0,0,4,0,0
100980838,2,0,0,3,0,0
100532710,10,0,0,7,0,0
100532261,10,0,0,0,0,0
100891069,10,0,0,3,0,0
100668063,2,0,0,1,0,0
100331276,10,0,0,2,0,0
100366913,10,0,0,1,0,0
100806364,2,0,0,4,0,0
100690123,2,0,0,5,0,0
101118707,10,0,0,6,0,0
100871919,2,0,0,2,0,0
100123370,2,0,0,7,0,0
100425871,10,0,0,6,0,0
100851251,2,0,0,7,0,0
100862253,10,0,0,7,0,0
100668457,5,0,0,6,0,0
100463665,10,0,0,0,0,0
100387971,2,0,0,7,0,0
100899823,2,0,0,4,0,0
100680865,10,0,0,7,0,0
100605921,5,0,0,3,0,0
100976234,2,0,0,0,0,0
100117753,2,0,0,7,0,0
100811541,7,0,0,2,0,0
100561306,2,0,0,5,0,0
100380015,9,0,0,0,0,0
100707939,10,0,0,7,0,0
100752705,10,0,0,6,0,0
100397206,10,0,0,0,0,0
100025835,1,0,0,7,0,0
100951060,6,0,0,2,0,0
100569000,10,0,0,1,0,0
100025553,10,0,0,7,0,0
100961614,6,0,0,5,0,0
101193567,10,0,0,3,0,0
101162434,2,0,0,1,0,0
100230513,2,0,0,3,0,0
100774069,2,0,0,0,0,0
100181269,5,0,0,2,0,0
100585650,10,0,0,5,0,0
100978435,2,0,0,6,0,0
101004651,2,0,0,1,0,0
100496404,10,0,0,4,0,0
101200894,6,0,0,4,0,0
100149678,10,0,0,2,0,0
101050962,2,0,0,7,0,0
100897041,10,0,0,3,0,0
100191674,10,0,0,1,0,0
100507524,10,0,0,3,0,0
100370762,10,0,0,5,0,0
100382304,19,0,1,0,0,0
101139918,10,0,0,6,0,0
101151657,2,0,0,1,0,0
100417753,2,0,0,2,0,0
100578339,2,0,0,4,0,0
100761846,10,0,0,2,0,0
100010293,10,0,0,4,0,0
101115245,10,0,0,1,0,0
100964720,4,0,0,6,0,0
100498032,10,0,0,0,0,0
100623009,10,0,0,2,0,0
100778241,10,0,0,1,0,0
100330567,10,0,0,0,0,0
100749955,10,0,0,3,0,0
100969361,2,0,0,7,0,0
100653362,10,0,0,4,0,0
100991385,2,0,0,3,0,0
100992420,2,0,0,2,0,0
100403467,10,0,0,7,0,0
100603346,10,0,0,7,0,0
100337059,10,0,0,0,0,0
100382279,10,0,0,0,0,0
100611067,2,0,0,2,0,0
100969520,2,0,0,2,0,0
100989571,6,0,0,4,0,0
100465615,10,0,0,7,0,0
100800665,2,0,0,4,0,0
100803174,5,0,0,6,0,0
100891048,5,0,0,1,0,0
100616654,10,0,0,6,0,0
100035343,2,0,0,2,0,0
100712869,10,0,0,5,0,0
100154382,10,0,0,6,0,0
100743480,2,0,0,6,0,0
100649388,2,0,0,2,0,0
100180984,2,0,0,2,0,0
101046167,2,0,0,1,0,0
100443751,10,0,0,6,0,0
100905716,2,0,0,6,0,0
100368144,2,0,0,2,0,0
100406539,10,0,0,7,0,0
100936049,10,0,0,5,0,0
100079958,2,0,0,7,0,0
100379783,10,0,0,7,0,0
100873344,2,0,0,0,0,0
100830863,10,0,0,3,0,0
100779255,10,0,0,4,0,0
100562889,2,0,0,0,0,0
100445033,10,0,0,6,0,0
100707285,4,0,0,2,0,0
100905418,10,0,0,7,0,0
100471327,2,0,0,0,0,0
100598004,4,0,0,6,0,0
100382877,10,0,0,3,0,0
100292538,1,0,0,3,0,0
100589188,18,0,1,3,0,0
100710602,2,0,0,5,0,0
100324801,10,0,0,4,0,0
100835571,2,0,0,7,0,0
100689397,10,0,0,5,0,0
100499731,2,0,0,0,0,0
100657971,2,0,0,2,0,0
100768907,10,0,0,6,0,0
100851901,4,0,0,7,0,0
100751684,2,0,0,2,0,0
101084877,10,0,0,4,0,0
100355094,10,0,0,7,0,0
100574331,10,0,0,4,0,0
100424940,10,0,0,5,0,0
101217116,2,0,0,4,0,0
100610202,10,0,0,7,0,0
101125984,2,0,0,1,0,0
100981588,7,0,0,1,0,0
100774070,10,0,0,1,0,0
100628256,10,0,0,2,0,0
101222807,6,0,0,3,0,0
100997490,4,0,0,2,0,0
100421295,10,0,0,1,0,0
100160114,10,0,0,4,0,0
101024371,10,0,0,3,0,0
100476396,2,0,0,0,0,0
100046441,10,0,0,0,0,0
101166154,2,0,0,3,0,0
100559989,10,0,0,7,0,0
100120220,2,0,0,3,0,0
100208624,10,0,0,5,0,0
100103294,10,0,0,6,0,0
100989266,7,0,0,2,0,0
100081149,10,0,0,6,0,0
100612397,10,0,0,7,0,0
100708295,4,0,0,7,0,0
100037858,3,0,0,5,0,0
100834232,2,0,0,3,0,0
100424999,2,0,0,1,0,0
100334125,4,0,0,5,0,0
100827773,2,0,0,2,0,0
100884219,9,0,0,3,0,0
100105502,2,0,0,4,0,0
100673204,10,0,0,5,0,0
100943262,2,0,0,1,0,0
100600596,10,0,0,6,0,0
100090798,2,0,0,2,0,0
100797659,4,0,0,7,0,0
100160524,10,0,0,4,0,0
100408838,10,0,0,7,0,0
100048837,10,0,0,2,0,0
100191595,10,0,0,7,0,0
101094422,2,0,0,6,0,0
100480195,2,0,0,3,0,0
100712732,10,0,0,5,0,0
100191041,10,0,0,6,0,0
100370953,10,0,0,7,0,0
100919799,2,0,0,6,0,0
100030346,8,0,0,3,0,0
100897008,2,0,0,7,0,0
100744699,1,0,0,6,0,0
101037217,4,0,0,1,0,0
101000452,2,0,0,1,0,0
100794199,2,0,0,7,0,0
101034425,2,0,0,3,0,0
100450209,10,0,0,2,0,0
100968384,2,0,0,2,0,0
100597961,5,0,0,5,0,0
100275661,4,0,0,3,0,0
100650450,10,0,0,0,0,0
100716410,10,0,0,6,0,0
101119348,2,0,0,4,0,0
100651937,8,0,0,7,0,0
100797666,10,0,0,1,0,0
100937163,10,0,0,5,0,0
100144946,4,0,0,2,0,0
100208048,2,0,0,7,0,0
100101654,4,0,0,6,0,0
100994732,6,0,0,6,0,0
100755393,10,0,0,2,0,0
100543607,2,0,0,1,0,0
100591323,10,0,0,0,0,0
100889615,7,0,0,7,0,0
100614429,2,0,0,0,0,0
100459614,10,0,0,5,0,0
100881750,10,0,0,7,0,0
100914829,2,0,0,7,0,0
100525987,2,0,0,6,0,0
100646421,4,0,0,4,0,0
100836855,2,0,0,4,0,0
100707903,10,0,0,4,0,0
100635954,10,0,0,6,0,0
100681640,2,0,0,3,0,0
100682232,4,0,0,1,0,0
100287779,2,0,0,7,0,0
101047895,2,0,0,7,0,0
101064624,2,0,0,6,0,0
100292134,9,0,0,1,0,0
101048020,2,0,0,2,0,0
101117970,2,0,0,1,0,0
100319244,10,0,0,0,0,0
100105408,10,0,0,2,0,0
101137240,2,0,0,1,0,0
100133003,2,0,0,4,0,0
100903203,4,0,0,5,0,0
100430475,5,0,0,6,0,0
100672609,2,0,0,4,0,0
100695392,9,0,0,5,0,0
100719191,10,0,0,4,0,0
100896430,2,0,0,1,0,0
100465991,10,0,0,1,0,0
100395585,10,0,0,4,0,0
100717462,10,0,0,6,0,0
101023282,4,0,0,2,0,0
100710398,10,0,0,2,0,0
100948233,10,0,0,0,0,0
101129315,6,0,0,1,0,0
101241373,2,0,0,2,0,0
100431956,10,0,0,0,0,0
100379927,10,0,0,0,0,0
100743903,2,0,0,6,0,0
100103570,10,0,0,5,0,0
101049876,2,0,0,3,0,0
101034229,4,0,0,5,0,0
100561463,10,0,0,3,0,0
100504261,10,0,0,4,0,0
100717062,10,0,0,2,0,0
101190692,2,0,0,5,0,0
100367204,4,0,0,5,0,0
100375207,10,0,0,6,0,0
100078156,10,0,0,1,0,0
100584817,10,0,0,1,0,0
100627020,10,0,0,7,0,0
100674365,2,0,0,4,0,0
101156084,2,0,0,2,0,0
101074044,2,0,0,1,0,0
100561222,10,0,0,6,0,0
100097446,10,0,0,7,0,0
100386240,10,0,0,2,0,0
101096898,3,0,0,5,0,0
100756515,10,0,0,1,0,0
100981804,2,0,0,7,0,0
100451228,2,0,0,0,0,0
100975407,10,0,0,5,0,0
100162984,10,0,0,6,0,0
100982338,10,0,0,5,0,0
100231169,2,0,0,1,0,0
100574926,10,0,0,4,0,0
100607218,10,0,0,3,0,0
100526116,10,0,0,7,0,0
101031167,1,0,0,7,0,0
101111617,6,0,0,4,0,0
100608356,10,0,0,5,0,0
100416418,4,0,0,4,0,0
100074181,9,0,0,3,0,0
100384294,10,0,0,4,0,0
100802772,10,0,0,5,0,0
100605055,2,0,0,7,0,0
100223820,4,0,0,5,0,0
100822500,2,0,0,4,0,0
100827321,10,0,0,2,0,0
100295087,10,0,0,0,0,0
100225756,10,0,0,2,0,0
100829753,2,0,0,6,0,0
101063761,10,0,0,7,0,0
100286871,2,0,0,1,0,0
100596596,2,0,0,3,0,0
100657075,4,0,0,1,0,0
101171731,2,0,0,5,0,0
100784275,10,0,0,2,0,0
100179208,10,0,0,2,0,0
101167181,2,0,0,3,0,0
100370293,10,0,0,6,0,0
101241152,2,0,0,4,0,0
101152702,6,0,0,1,0,0
100394321,4,0,0,2,0,0
100753096,6,0,0,3,0,0
100154051,5,0,0,0,0,0
101002878,4,0,0,3,0,0
100780576,2,0,0,3,0,0
100769783,10,0,0,7,0,0
100797307,2,0,0,7,0,0
100491944,10,0,0,4,0,0
100803125,2,0,0,3,0,0
100383216,2,0,0,4,0,0
100771872,2,0,0,0,0,0
100760163,10,0,0,7,0,0
100613055,5,0,0,6,0,0
100969796,2,0,0,3,0,0
100835320,2,0,0,5,0,0
100823755,2,0,0,6,0,0
100775604,2,0,0,4,0,0
100385345,5,0,0,0,0,0
101200538,2,0,0,6,0,0
100887551,10,0,0,1,0,0
100337186,7,0,0,2,0,0
100624729,2,0,0,0,0,0
100840637,10,0,0,5,0,0
101111846,10,0,0,6,0,0
100809026,2,0,0,3,0,0
100914887,5,0,0,6,0,0
100337952,10,0,0,4,0,0
100522928,10,0,0,1,0,0
100535019,10,0,0,3,0,0
100570038,10,0,0,6,0,0
100105482,2,0,0,5,0,0
100413693,10,0,0,7,0,0
101147117,4,0,0,5,0,0
100840254,2,0,0,2,0,0
100226430,4,0,0,4,0,0
100017755,10,0,0,4,0,0
101048057,2,0,0,3,0,0
100624990,10,0,0,3,0,0
101039809,2,0,0,0,0,0
100562022,10,0,0,2,0,0
100559670,3,0,0,2,0,0
101004594,2,0,0,2,0,0
100227162,10,0,0,6,0,0
100094734,10,0,0,6,0,0
101061198,2,0,0,4,0,0
101101131,2,0,0,2,0,0
101171935,4,0,0,2,0,0
100738078,4,0,0,1,0,0
100944980,10,0,0,2,0,0
100303015,10,0,0,6,0,0
101003499,4,0,0,3,0,0
100026487,10,0,0,0,0,0
100382388,10,0,0,1,0,0
100883898,10,0,0,6,0,0
100883725,2,0,0,1,0,0
101014960,10,0,0,0,0,0
100237114,4,0,0,1,0,0
100380871,2,0,0,7,0,0
100303232,2,0,0,7,0,0
100667254,10,0,0,0,0,0
100311564,10,0,0,0,0,0
101149472,7,0,0,5,0,0
100975836,2,0,0,2,0,0
101018534,6,0,0,2,0,0
100549915,10,0,0,1,0,0
100173858,10,0,0,1,0,0
100629634,10,0,0,7,0,0
100878331,6,0,0,7,0,0
100141279,10,0,0,3,0,0
100702650,2,0,0,3,0,0
100847294,10,0,0,6,0,0
100563805,4,0,0,7,0,0
100304295,2,0,0,4,0,0
100428429,2,0,0,6,0,0
100223841,10,0,0,6,0,0
100383310,2,0,0,5,0,0
100269576,10,0,0,0,0,0
101124398,7,0,0,0,0,0
101185926,2,0,0,3,0,0
100960309,4,0,0,6,0,0
101022346,2,0,0,3,0,0
101166310,2,0,0,1,0,0
100980061,2,0,0,6,0,0
100011483,10,0,0,4,0,0
100887506,4,0,0,2,0,0
100803753,10,0,0,3,0,0
100102248,10,0,0,2,0,0
100871025,10,0,0,3,0,0
100526692,2,0,0,6,0,0
100926053,7,0,0,2,0,0
100465707,10,0,0,7,0,0
100084927,2,0,0,5,0,0
100713275,5,0,0,6,0,0
100417199,10,0,0,4,0,0
101039134,2,0,0,7,0,0
101081152,2,0,0,7,0,0
100760994,4,0,0,2,0,0
100575548,2,0,0,6,0,0
100836830,2,0,0,4,0,0
100728838,10,0,0,4,0,0
101141234,2,0,0,3,0,0
100211227,10,0,0,7,0,0
100968827,10,0,0,7,0,0
100425224,10,0,0,3,0,0
101049068,2,0,0,5,0,0
100734769,10,0,0,4,0,0
101035639,2,0,0,3,0,0
100088921,10,0,0,4,0,0
101150051,4,0,0,7,0,0
100248491,2,0,0,1,0,0
100800435,2,0,0,0,0,0
100818845,2,0,0,5,0,0
100131150,10,0,0,2,0,0
100534376,10,0,0,7,0,0
100375482,10,0,0,5,0,0
101132645,2,0,0,7,0,0
100251179,10,0,0,3,0,0
100129313,9,0,0,4,0,0
100716689,10,0,0,0,0,0
100930221,10,0,0,3,0,0
100048585,10,0,0,2,0,0
100524342,8,0,0,3,0,0
100190520,10,0,0,2,0,0
100861950,2,0,0,6,0,0
100441156,10,0,0,6,0,0
100890233,10,0,0,7,0,0
100610366,10,0,0,3,0,0
100836834,4,0,0,7,0,0
100034860,10,0,0,7,0,0
100668976,2,0,0,5,0,0
101001046,2,0,0,2,0,0
100905198,2,0,0,2,0,0
100369478,7,0,0,2,0,0
100496106,4,0,0,6,0,0
101049009,4,0,0,1,0,0
100395161,2,0,0,3,0,0
100972982,4,0,0,3,0,0
100901043,4,0,0,4,0,0
100916377,2,0,0,1,0,0
100710715,4,0,0,2,0,0
101129403,2,0,0,3,0,0
100979862,2,0,0,0,0,0
100390080,10,0,0,3,0,0
100668013,2,0,0,0,0,0
100533783,16,0,1,4,0,0
100606478,4,0,0,4,0,0
100793076,4,0,0,2,0,0
100822492,10,0,0,6,0,0
100815517,10,0,0,2,0,0
100357864,2,0,0,7,0,0
